"slug","name","category","variants","skus","classification","rule","flags","reason"
"aluminum-tortilla-press","Aluminum Tortilla Press","kitchen-tableware","1","CM-ALUMINUMTORTILLAPRESS-179680","REVIEW","kitchenware","PRICE_IS_AED SUPPLIER_IS_UAE NO_WEIGHT NO_DIMENSIONS","Kitchenware: widely available in Mexico; decide whether it belongs in a pantry/distribution assortment."
"apricot-in-syrup-820g","Apricot in syrup 820g","pantry-staples","1","CM-APRICOTINSYRUP820G-231520","RESOURCE","generic-pantry","PRICE_IS_AED SUPPLIER_IS_UAE NO_WEIGHT NO_DIMENSIONS","Generic Mexican pantry item with no brand recorded: commonly available from local wholesale; re-source and confirm the presentation."
"assorted-mexican-candy-bag","Assorted Mexican Candy Bag","snacks-sweets","1","CM-ASSORTEDMEXICANCANDYBAG-218464","REVIEW","assembled-by-supplier","PRICE_IS_AED SUPPLIER_IS_UAE NO_WEIGHT NO_DIMENSIONS","Bundle or assortment assembled by the previous supplier; would have to be re-created as a CornerMex bundle."
"b-sweet-organic-agave-syrup","Agave Syrup Organic","pantry-staples","1","CM-BSWEETORGANICAGAVESYRUP-911136","REVIEW","small-producer","PRICE_IS_AED SUPPLIER_IS_UAE NO_DIMENSIONS","Small or export-oriented producer: domestic availability and a local supplier are unconfirmed."
"bandanas-1","Bandanas","gifts-lifestyle","5","CM-BANDANAS1-954784 CM-BANDANAS1-987552 CM-BANDANAS1-020320 CM-BANDANAS1-053088 CM-BANDANAS1-922016","REMOVE_FROM_ACTIVE_MX","souvenir-lifestyle","PRICE_IS_AED SUPPLIER_IS_UAE NO_WEIGHT NO_DIMENSIONS","Souvenir / gift item aimed at the expatriate market; no role in a Mexico pantry and distribution assortment."
"banderilla-tamaroca-tamarind-mexican-stick-30pcs","Banderilla, Tamaroca Tamarind Mexican Stick 1pcs","snacks-sweets","1","CM-BANDERILLATAMAROCATAMARI-845152","RESOURCE","national-brand","PRICE_IS_AED SUPPLIER_IS_UAE NO_WEIGHT NO_DIMENSIONS","National Mexican brand sold through ordinary domestic distribution: keep the product, replace the UAE supplier with a local one."
"black-beans-dry-900g-la-sierra","Black Beans Dry 900g, La sierra","pantry-staples","1","CM-BLACKBEANSDRY900GLASIERR-760736","RESOURCE","national-brand","PRICE_IS_AED SUPPLIER_IS_UAE NO_DIMENSIONS","National Mexican brand sold through ordinary domestic distribution: keep the product, replace the UAE supplier with a local one."
"blue-corn-masa-flour-maseca","Blue Corn Masa Flour, Maseca","tortillas-masa","1","CM-BLUECORNMASAFLOURMASECA-738336","RESOURCE","national-brand","PRICE_IS_AED SUPPLIER_IS_UAE NO_DIMENSIONS","National Mexican brand sold through ordinary domestic distribution: keep the product, replace the UAE supplier with a local one."
"cancun-bandana-cap","Cancun Bandana Cap","gifts-lifestyle","2","CM-CANCUNBANDANACAP-330592 CM-CANCUNBANDANACAP-363360","REMOVE_FROM_ACTIVE_MX","souvenir-lifestyle","PRICE_IS_AED SUPPLIER_IS_UAE NO_WEIGHT NO_DIMENSIONS","Souvenir / gift item aimed at the expatriate market; no role in a Mexico pantry and distribution assortment."
"chamoy-sauce-330ml-intermex","Chamoy Sauce, El Chilerito 355ml","salsas-moles","1","CM-CHAMOYSAUCE330MLINTERMEX-536032","REVIEW","legacy-intermex-slug","PRICE_IS_AED SUPPLIER_IS_UAE NO_DIMENSIONS","Branded product whose slug still carries the Intermex name; re-source and re-slug before it can be listed."
"chicharron-cheese","Chicharron Cheese","snacks-sweets","1","CM-CHICHARRONCHEESE-743328","RESOURCE","national-brand","PRICE_IS_AED SUPPLIER_IS_UAE NO_WEIGHT NO_DIMENSIONS","National Mexican brand sold through ordinary domestic distribution: keep the product, replace the UAE supplier with a local one."
"chicharron-fuego","Chicharron Fuego","snacks-sweets","1","CM-CHICHARRONFUEGO-659680","RESOURCE","national-brand","PRICE_IS_AED SUPPLIER_IS_UAE NO_WEIGHT NO_DIMENSIONS","National Mexican brand sold through ordinary domestic distribution: keep the product, replace the UAE supplier with a local one."
"chicharron-green-sauce","Chicharron Green Sauce","snacks-sweets","1","CM-CHICHARRONGREENSAUCE-921824","RESOURCE","national-brand","PRICE_IS_AED SUPPLIER_IS_UAE NO_WEIGHT NO_DIMENSIONS","National Mexican brand sold through ordinary domestic distribution: keep the product, replace the UAE supplier with a local one."
"choco-roles-mini-marinela","Choco Roles Mini Marinela","snacks-sweets","1","CM-CHOCOROLESMINIMARINELA-372128","RESOURCE","national-brand","PRICE_IS_AED SUPPLIER_IS_UAE NO_WEIGHT NO_DIMENSIONS","National Mexican brand sold through ordinary domestic distribution: keep the product, replace the UAE supplier with a local one."
"cholula-original-chilli-lime-hot-sauce","Cholula Original Chilli Lime Hot Sauce","salsas-moles","1","CM-CHOLULAORIGINALCHILLILIM-445024","REVIEW","export-market-brand","PRICE_IS_AED SUPPLIER_IS_UAE NO_WEIGHT NO_DIMENSIONS","Brand or pack size made for the export market; confirm the equivalent domestic presentation exists."
"cholula-original-chipotle-hot-sauce","Cholula Original Chipotle Hot Sauce 150ml","salsas-moles","1","CM-CHOLULAORIGINALCHIPOTLEH-772704","REVIEW","export-market-brand","PRICE_IS_AED SUPPLIER_IS_UAE NO_WEIGHT NO_DIMENSIONS","Brand or pack size made for the export market; confirm the equivalent domestic presentation exists."
"cholula-original-hot-sauce","Cholula Original Hot Sauce","salsas-moles","1","CM-CHOLULAORIGINALHOTSAUCE-178912","REVIEW","export-market-brand","PRICE_IS_AED SUPPLIER_IS_UAE NO_WEIGHT NO_DIMENSIONS","Brand or pack size made for the export market; confirm the equivalent domestic presentation exists."
"cholula-original-hot-sauce-60ml","Cholula Original Hot Sauce 60ml","salsas-moles","1","CM-CHOLULAORIGINALHOTSAUCE6-100384","REVIEW","export-market-brand","PRICE_IS_AED SUPPLIER_IS_UAE NO_WEIGHT NO_DIMENSIONS","Brand or pack size made for the export market; confirm the equivalent domestic presentation exists."
"churritos-chili-flavor","Churritos Chili Flavor","snacks-sweets","1","CM-CHURRITOSCHILIFLAVOR-987360","RESOURCE","national-brand","PRICE_IS_AED SUPPLIER_IS_UAE NO_WEIGHT NO_DIMENSIONS","National Mexican brand sold through ordinary domestic distribution: keep the product, replace the UAE supplier with a local one."
"clamato-original","Clamato® Original 1.89L","drinks","1","CM-CLAMATOORIGINAL-433888","REVIEW","export-market-brand","PRICE_IS_AED SUPPLIER_IS_UAE NO_WEIGHT NO_DIMENSIONS","Brand or pack size made for the export market; confirm the equivalent domestic presentation exists."
"classic-mexican-straw-sombrero","Classic Mexican Straw Sombrero","gifts-lifestyle","1","CM-CLASSICMEXICANSTRAWSOMBR-616544","REMOVE_FROM_ACTIVE_MX","souvenir-lifestyle","PRICE_IS_AED SUPPLIER_IS_UAE NO_WEIGHT NO_DIMENSIONS","Souvenir / gift item aimed at the expatriate market; no role in a Mexico pantry and distribution assortment."
"clemente-jacques-chipotle-peppers-in-adobo","Clemente Jacques Chipotle Peppers in Adobo","pantry-staples","1","CM-CLEMENTEJACQUESCHIPOTLEP-285280","RESOURCE","national-brand","PRICE_IS_AED SUPPLIER_IS_UAE NO_WEIGHT NO_DIMENSIONS","National Mexican brand sold through ordinary domestic distribution: keep the product, replace the UAE supplier with a local one."
"corn-tortilla-4-5","Corn Tortilla 4.5'' 1kg","tortillas-masa","1","CM-CORNTORTILLA45-013920","INTERMEX_PRIVATE","unbranded-tortilla-line","PRICE_IS_AED SUPPLIER_IS_UAE NO_DIMENSIONS","Unbranded tortilla / tostada / tortilla-chip line from the supplier's own storefront: treated as supplier production (inferred from the absence of any other brand)."
"corn-tortilla-intermex-copy","Corn Tortilla, Intermex 6inch 500g","tortillas-masa","1","CM-CORNTORTILLAINTERMEXCOPY-096864","INTERMEX_PRIVATE","intermex-named","PRICE_IS_AED SUPPLIER_IS_UAE NO_DIMENSIONS","Product name carries the Intermex name: Intermex private label."
"coronado-cajeta-quemada","Goat Milk Caramel (Cajeta Quemada), Coronado","pantry-staples","1","CM-CORONADOCAJETAQUEMADA-789216","RESOURCE","national-brand","PRICE_IS_AED SUPPLIER_IS_UAE NO_DIMENSIONS","National Mexican brand sold through ordinary domestic distribution: keep the product, replace the UAE supplier with a local one."
"de-la-rosa-coronado-butter-rum-hard-candies","De la Rosa Coronado Butter Rum Hard Candies","snacks-sweets","1","CM-DELAROSACORONADOBUTTERRU-038176","RESOURCE","national-brand","PRICE_IS_AED SUPPLIER_IS_UAE NO_WEIGHT NO_DIMENSIONS","National Mexican brand sold through ordinary domestic distribution: keep the product, replace the UAE supplier with a local one."
"de-la-rosa-mazapan-original","Mazapan Original, De la Rosa","snacks-sweets","1","CM-DELAROSAMAZAPANORIGINAL-404128","RESOURCE","national-brand","PRICE_IS_AED SUPPLIER_IS_UAE NO_DIMENSIONS","National Mexican brand sold through ordinary domestic distribution: keep the product, replace the UAE supplier with a local one."
"diced-jalapenos-picados","Diced Jalapeños (Picados)","pantry-staples","1","CM-DICEDJALAPENOSPICADOS-632224","RESOURCE","generic-pantry","PRICE_IS_AED SUPPLIER_IS_UAE NO_WEIGHT NO_DIMENSIONS","Generic Mexican pantry item with no brand recorded: commonly available from local wholesale; re-source and confirm the presentation."
"dona-maria-mole-paste","Mole Paste, Doña María","salsas-moles","1","CM-DONAMARIAMOLEPASTE-633184","RESOURCE","national-brand","PRICE_IS_AED SUPPLIER_IS_UAE NO_DIMENSIONS","National Mexican brand sold through ordinary domestic distribution: keep the product, replace the UAE supplier with a local one."
"dona-maria-mole-ready-to-serve","Mole, Ready to Serve, Doña María","salsas-moles","1","CM-DONAMARIAMOLEREADYTOSERV-306656","RESOURCE","national-brand","PRICE_IS_AED SUPPLIER_IS_UAE NO_DIMENSIONS","National Mexican brand sold through ordinary domestic distribution: keep the product, replace the UAE supplier with a local one."
"dried-corn-husks","Dried Corn Husks","pantry-staples","1","CM-DRIEDCORNHUSKS-404256","RESOURCE","generic-pantry","PRICE_IS_AED SUPPLIER_IS_UAE NO_WEIGHT NO_DIMENSIONS","Generic Mexican pantry item with no brand recorded: commonly available from local wholesale; re-source and confirm the presentation."
"el-chilerito-salsa-chamoy","Chamoy Sauce, El Chilerito 1lt","salsas-moles","1","CM-ELCHILERITOSALSACHAMOY-309408","RESOURCE","national-brand","PRICE_IS_AED SUPPLIER_IS_UAE NO_DIMENSIONS","National Mexican brand sold through ordinary domestic distribution: keep the product, replace the UAE supplier with a local one."
"el-fresno-whole-ancho-chili","Whole Ancho Chili, El Fresno","chiles-spices","1","CM-ELFRESNOWHOLEANCHOCHILI-485600","REVIEW","small-producer","PRICE_IS_AED SUPPLIER_IS_UAE NO_DIMENSIONS","Small or export-oriented producer: domestic availability and a local supplier are unconfirmed."
"el-fresno-whole-cascabel-chili","Whole Cascabel Chili","chiles-spices","1","CM-ELFRESNOWHOLECASCABELCHI-307424","REVIEW","small-producer","PRICE_IS_AED SUPPLIER_IS_UAE NO_DIMENSIONS","Small or export-oriented producer: domestic availability and a local supplier are unconfirmed."
"el-fresno-whole-chile-de-arbol","Whole Chile de Arbol, El Fresno","chiles-spices","1","CM-ELFRESNOWHOLECHILEDEARBO-407520","REVIEW","small-producer","PRICE_IS_AED SUPPLIER_IS_UAE NO_DIMENSIONS","Small or export-oriented producer: domestic availability and a local supplier are unconfirmed."
"el-fresno-whole-chipotle-chili","Whole Chipotle Chili, El Fresno","chiles-spices","1","CM-ELFRESNOWHOLECHIPOTLECHI-788064","REVIEW","small-producer","PRICE_IS_AED SUPPLIER_IS_UAE NO_DIMENSIONS","Small or export-oriented producer: domestic availability and a local supplier are unconfirmed."
"el-fresno-whole-guajillo-chili","Whole Guajillo Chili, El Fresno","chiles-spices","1","CM-ELFRESNOWHOLEGUAJILLOCHI-105376","REVIEW","small-producer","PRICE_IS_AED SUPPLIER_IS_UAE NO_DIMENSIONS","Small or export-oriented producer: domestic availability and a local supplier are unconfirmed."
"el-fresno-whole-pasilla-chili","Whole Pasilla Chili,El Fresno","chiles-spices","1","CM-ELFRESNOWHOLEPASILLACHIL-402592","REVIEW","small-producer","PRICE_IS_AED SUPPLIER_IS_UAE NO_DIMENSIONS","Small or export-oriented producer: domestic availability and a local supplier are unconfirmed."
"el-fresno-whole-pasilla-chili-1","Whole Pasilla Chili, El Fresno","chiles-spices","1","CM-ELFRESNOWHOLEPASILLACHIL-064544","REVIEW","small-producer","PRICE_IS_AED SUPPLIER_IS_UAE NO_DIMENSIONS","Small or export-oriented producer: domestic availability and a local supplier are unconfirmed."
"el-mexicano-maiz-blanco-white-hominy-in-brine","White Hominy in Brine, El Mexicano 822g (Maiz Pozolero)","pantry-staples","1","CM-ELMEXICANOMAIZBLANCOWHIT-943520","REVIEW","export-market-brand","PRICE_IS_AED SUPPLIER_IS_UAE NO_DIMENSIONS","Brand or pack size made for the export market; confirm the equivalent domestic presentation exists."
"el-mexicano-white-hominy-in-brine","White Hominy in Brine, El Mexicano (Maiz Pozolero)","pantry-staples","1","CM-ELMEXICANOWHITEHOMINYINB-910432","REVIEW","export-market-brand","PRICE_IS_AED SUPPLIER_IS_UAE NO_DIMENSIONS","Brand or pack size made for the export market; confirm the equivalent domestic presentation exists."
"el-yucateco-habanero-ghost-chili-hot-sauce","Habanero & Ghost Chili Hot Sauce, El Yucateco","salsas-moles","1","CM-ELYUCATECOHABANEROGHOSTC-457824","RESOURCE","national-brand","PRICE_IS_AED SUPPLIER_IS_UAE NO_WEIGHT NO_DIMENSIONS","National Mexican brand sold through ordinary domestic distribution: keep the product, replace the UAE supplier with a local one."
"el-yucateco-habanero-y-cafe-hot-sauce","Habanero anf Coffee Hot Sauce, El Yucateco","salsas-moles","1","CM-ELYUCATECOHABANEROYCAFEH-642912","RESOURCE","national-brand","PRICE_IS_AED SUPPLIER_IS_UAE NO_WEIGHT NO_DIMENSIONS","National Mexican brand sold through ordinary domestic distribution: keep the product, replace the UAE supplier with a local one."
"el-yucateco-habanero-y-chiltepin-hot-sauce","Habanero y Chiltepín Hot Sauce, El Yucateco","salsas-moles","1","CM-ELYUCATECOHABANEROYCHILT-353440","RESOURCE","national-brand","PRICE_IS_AED SUPPLIER_IS_UAE NO_WEIGHT NO_DIMENSIONS","National Mexican brand sold through ordinary domestic distribution: keep the product, replace the UAE supplier with a local one."
"el-yucateco-habanero-y-pina-asada-hot-sauce","Habanero and Pineapple smoked Hot Sauce, El Yucateco","salsas-moles","1","CM-ELYUCATECOHABANEROYPINAA-405472","RESOURCE","national-brand","PRICE_IS_AED SUPPLIER_IS_UAE NO_WEIGHT NO_DIMENSIONS","National Mexican brand sold through ordinary domestic distribution: keep the product, replace the UAE supplier with a local one."
"el-yucateco-horchata-de-arroz","Horchata Concentrate, El Yucateco","drinks","1","CM-ELYUCATECOHORCHATADEARRO-278944","RESOURCE","national-brand","PRICE_IS_AED SUPPLIER_IS_UAE NO_WEIGHT NO_DIMENSIONS","National Mexican brand sold through ordinary domestic distribution: keep the product, replace the UAE supplier with a local one."
"el-yucateco-jamaica-drink-concentrate","Jamaica Drink Concentrate, El Yucateco","drinks","1","CM-ELYUCATECOJAMAICADRINKCO-953568","RESOURCE","national-brand","PRICE_IS_AED SUPPLIER_IS_UAE NO_WEIGHT NO_DIMENSIONS","National Mexican brand sold through ordinary domestic distribution: keep the product, replace the UAE supplier with a local one."
"el-yucateco-marisquera-negra-hot-sauce","Marisquera Black Hot Sauce, El Yucateco","salsas-moles","1","CM-ELYUCATECOMARISQUERANEGR-691168","RESOURCE","national-brand","PRICE_IS_AED SUPPLIER_IS_UAE NO_WEIGHT NO_DIMENSIONS","National Mexican brand sold through ordinary domestic distribution: keep the product, replace the UAE supplier with a local one."
"el-yucateco-marisquera-roja-hot-sauce","Marisquera Red Hot Sauce, El Yucateco","salsas-moles","1","CM-ELYUCATECOMARISQUERAROJA-100512","RESOURCE","national-brand","PRICE_IS_AED SUPPLIER_IS_UAE NO_WEIGHT NO_DIMENSIONS","National Mexican brand sold through ordinary domestic distribution: keep the product, replace the UAE supplier with a local one."
"el-yucateco-tamarindo-1","Tamarind Concentrate, El Yucateco","drinks","1","CM-ELYUCATECOTAMARINDO1-654048","RESOURCE","national-brand","PRICE_IS_AED SUPPLIER_IS_UAE NO_WEIGHT NO_DIMENSIONS","National Mexican brand sold through ordinary domestic distribution: keep the product, replace the UAE supplier with a local one."
"esquite-natural-con-epazote-1kg","(White Corn with Epazote) Esquite Natural Con Epazote 1kg","pantry-staples","1","CM-ESQUITENATURALCONEPAZOTE-674400","RESOURCE","generic-pantry","PRICE_IS_AED SUPPLIER_IS_UAE NO_DIMENSIONS","Generic Mexican pantry item with no brand recorded: commonly available from local wholesale; re-source and confirm the presentation."
"fit-panda-flamin-hot-instant-noodles","FIT PANDA Flamin Hot Instant Noodles","pantry-staples","1","CM-FITPANDAFLAMINHOTINSTANT-582368","REMOVE_FROM_ACTIVE_MX","non-mexican-uae-brand","PRICE_IS_AED SUPPLIER_IS_UAE NO_WEIGHT NO_DIMENSIONS","Brand from the UAE supplier's local assortment, not a Mexican pantry product; only present because of UAE sourcing."
"fit-panda-vegan-chicken-instant-noodles","Fit Panda Vegan Chicken Instant Noodles","pantry-staples","1","CM-FITPANDAVEGANCHICKENINST-139424","REMOVE_FROM_ACTIVE_MX","non-mexican-uae-brand","PRICE_IS_AED SUPPLIER_IS_UAE NO_WEIGHT NO_DIMENSIONS","Brand from the UAE supplier's local assortment, not a Mexican pantry product; only present because of UAE sourcing."
"flour-tortillas-intermex-copy","Flour Tortillas,Pre-cook Intermex 500gm","tortillas-masa","1","CM-FLOURTORTILLASINTERMEXCO-229088","INTERMEX_PRIVATE","intermex-named","PRICE_IS_AED SUPPLIER_IS_UAE NO_DIMENSIONS","Product name carries the Intermex name: Intermex private label."
"fritos-lemon-salt","Fritos Lemon & Salt","snacks-sweets","1","CM-FRITOSLEMONSALT-175520","RESOURCE","national-brand","PRICE_IS_AED SUPPLIER_IS_UAE NO_WEIGHT NO_DIMENSIONS","National Mexican brand sold through ordinary domestic distribution: keep the product, replace the UAE supplier with a local one."
"golden-tostadas","Golden Tostadas 10 pieces, Intermex","tortillas-masa","1","CM-GOLDENTOSTADAS-064928","INTERMEX_PRIVATE","intermex-named","PRICE_IS_AED SUPPLIER_IS_UAE NO_DIMENSIONS","Product name carries the Intermex name: Intermex private label."
"handwoven-mexican-palm-basket-with-lid","Handwoven Mexican Palm Basket with Lid","gifts-lifestyle","1","CM-HANDWOVENMEXICANPALMBASK-321760","REMOVE_FROM_ACTIVE_MX","souvenir-lifestyle","PRICE_IS_AED SUPPLIER_IS_UAE NO_WEIGHT NO_DIMENSIONS","Souvenir / gift item aimed at the expatriate market; no role in a Mexico pantry and distribution assortment."
"handwoven-palm-coasters","Heat-resistant mat","kitchen-tableware","1","CM-HANDWOVENPALMCOASTERS-625440","REVIEW","kitchenware","PRICE_IS_AED SUPPLIER_IS_UAE NO_WEIGHT NO_DIMENSIONS","Kitchenware: widely available in Mexico; decide whether it belongs in a pantry/distribution assortment."
"herdez-white-mexican-corn","Herdez White Mexican Corn","pantry-staples","1","CM-HERDEZWHITEMEXICANCORN-697760","RESOURCE","national-brand","PRICE_IS_AED SUPPLIER_IS_UAE NO_WEIGHT NO_DIMENSIONS","National Mexican brand sold through ordinary domestic distribution: keep the product, replace the UAE supplier with a local one."
"homestyle-la-costen-475gm","Homestyle La Costen 475gm","salsas-moles","1","CM-HOMESTYLELACOSTEN475GM-542240","RESOURCE","national-brand","PRICE_IS_AED SUPPLIER_IS_UAE NO_WEIGHT NO_DIMENSIONS","National Mexican brand sold through ordinary domestic distribution: keep the product, replace the UAE supplier with a local one."
"hungary-guru-35g","Hungry Guru 35g","snacks-sweets","1","CM-HUNGARYGURU35G-389472","REMOVE_FROM_ACTIVE_MX","non-mexican-uae-brand","PRICE_IS_AED SUPPLIER_IS_UAE NO_WEIGHT NO_DIMENSIONS","Brand from the UAE supplier's local assortment, not a Mexican pantry product; only present because of UAE sourcing."
"hungary-guru-pack-of-3-35gm","Hungry Guru Pack of 3 (35g)","snacks-sweets","1","CM-HUNGARYGURUPACKOF335GM-323936","REMOVE_FROM_ACTIVE_MX","non-mexican-uae-brand","PRICE_IS_AED SUPPLIER_IS_UAE NO_DIMENSIONS","Brand from the UAE supplier's local assortment, not a Mexican pantry product; only present because of UAE sourcing."
"hungary-guru-pack-of-6-35g","Hungry Guru Pack of 6 (35G)","snacks-sweets","1","CM-HUNGARYGURUPACKOF635G-356704","REMOVE_FROM_ACTIVE_MX","non-mexican-uae-brand","PRICE_IS_AED SUPPLIER_IS_UAE NO_DIMENSIONS","Brand from the UAE supplier's local assortment, not a Mexican pantry product; only present because of UAE sourcing."
"hungry-guru-pack-of-12","Hungry Guru pack of 12","snacks-sweets","1","CM-HUNGRYGURUPACKOF12-774432","REMOVE_FROM_ACTIVE_MX","non-mexican-uae-brand","PRICE_IS_AED SUPPLIER_IS_UAE NO_WEIGHT NO_DIMENSIONS","Brand from the UAE supplier's local assortment, not a Mexican pantry product; only present because of UAE sourcing."
"iced-popsicles-6-pack","Iced Popsicles 6 Pack","chilled-frozen","1","CM-ICEDPOPSICLES6PACK-067040","REVIEW","cold-chain","PRICE_IS_AED SUPPLIER_IS_UAE NO_WEIGHT NO_DIMENSIONS","Chilled or frozen: needs a cold chain that parcel shipping does not provide. Local-delivery-only decision required."
"iced-popsicles-6-pack-copy","Iced Popsicles 10 Pack","chilled-frozen","1","CM-ICEDPOPSICLES6PACKCOPY-367328","REVIEW","cold-chain","PRICE_IS_AED SUPPLIER_IS_UAE NO_WEIGHT NO_DIMENSIONS","Chilled or frozen: needs a cold chain that parcel shipping does not provide. Local-delivery-only decision required."
"intermex-classic-tortilla-chips","Tortilla chips","snacks-sweets","1","CM-INTERMEXCLASSICTORTILLAC-077728","INTERMEX_PRIVATE","intermex-own-production","PRICE_IS_AED SUPPLIER_IS_UAE NO_WEIGHT NO_DIMENSIONS","Unbranded tortilla/tostada/chip/chorizo line listed under an Intermex slug: supplier's own production."
"intermex-corn-tortilla","Corn Tortilla 6inch, Intermex 500gm","tortillas-masa","1","CM-INTERMEXCORNTORTILLA-427808","INTERMEX_PRIVATE","intermex-named","PRICE_IS_AED SUPPLIER_IS_UAE NO_DIMENSIONS","Product name carries the Intermex name: Intermex private label."
"intermex-flour-tortillas","Flour Tortilla 500g","tortillas-masa","1","CM-INTERMEXFLOURTORTILLAS-623456","INTERMEX_PRIVATE","intermex-own-production","PRICE_IS_AED SUPPLIER_IS_UAE NO_DIMENSIONS","Unbranded tortilla/tostada/chip/chorizo line listed under an Intermex slug: supplier's own production."
"intermex-mexican-beef-chorizo","Mexican Beef Chorizo, Intermex","chilled-frozen","1","CM-INTERMEXMEXICANBEEFCHORI-424224","INTERMEX_PRIVATE","intermex-named","PRICE_IS_AED SUPPLIER_IS_UAE NO_DIMENSIONS","Product name carries the Intermex name: Intermex private label."
"intermex-mexican-chicken-chorizo","Mexican Chicken Chorizo, Intermex","chilled-frozen","1","CM-INTERMEXMEXICANCHICKENCH-472800","INTERMEX_PRIVATE","intermex-named","PRICE_IS_AED SUPPLIER_IS_UAE NO_DIMENSIONS","Product name carries the Intermex name: Intermex private label."
"intermex-tostadas","Tostadas with sesame seeds, Intermex (10 pieces)","tortillas-masa","1","CM-INTERMEXTOSTADAS-786976","INTERMEX_PRIVATE","intermex-named","PRICE_IS_AED SUPPLIER_IS_UAE NO_WEIGHT NO_DIMENSIONS","Product name carries the Intermex name: Intermex private label."
"inzi-no-guilt-churritos","No Guilt Churritos, Inzi","snacks-sweets","1","CM-INZINOGUILTCHURRITOS-731872","REMOVE_FROM_ACTIVE_MX","non-mexican-uae-brand","PRICE_IS_AED SUPPLIER_IS_UAE NO_DIMENSIONS","Brand from the UAE supplier's local assortment, not a Mexican pantry product; only present because of UAE sourcing."
"inzi-no-guilt-nachos","No Guilt Nachos,Inzi","snacks-sweets","1","CM-INZINOGUILTNACHOS-326624","REMOVE_FROM_ACTIVE_MX","non-mexican-uae-brand","PRICE_IS_AED SUPPLIER_IS_UAE NO_DIMENSIONS","Brand from the UAE supplier's local assortment, not a Mexican pantry product; only present because of UAE sourcing."
"japanese-style-peanuts-600g","Japanese Style Peanuts 30g","snacks-sweets","1","CM-JAPANESESTYLEPEANUTS600G-280032","RESOURCE","generic-pantry","PRICE_IS_AED SUPPLIER_IS_UAE NO_WEIGHT NO_DIMENSIONS","Generic Mexican pantry item with no brand recorded: commonly available from local wholesale; re-source and confirm the presentation."
"japanese-style-peanuts-with-valentina-sauce-600g","Japanese Style Peanuts With Valentina Sauce 30g","snacks-sweets","1","CM-JAPANESESTYLEPEANUTSWITH-116192","RESOURCE","national-brand","PRICE_IS_AED SUPPLIER_IS_UAE NO_WEIGHT NO_DIMENSIONS","National Mexican brand sold through ordinary domestic distribution: keep the product, replace the UAE supplier with a local one."
"jarritos-fruit-punch-drink-370ml","Jarritos Fruit Punch Drink 370ML","drinks","1","CM-JARRITOSFRUITPUNCHDRINK3-786912","RESOURCE","national-brand","PRICE_IS_AED SUPPLIER_IS_UAE NO_WEIGHT NO_DIMENSIONS","National Mexican brand sold through ordinary domestic distribution: keep the product, replace the UAE supplier with a local one."
"jarritos-grape-friut-drink-370ml","Jarritos Grapefruit Drink 370ML","drinks","1","CM-JARRITOSGRAPEFRIUTDRINK3-279584","RESOURCE","national-brand","PRICE_IS_AED SUPPLIER_IS_UAE NO_WEIGHT NO_DIMENSIONS","National Mexican brand sold through ordinary domestic distribution: keep the product, replace the UAE supplier with a local one."
"jarritos-guava-drink-370ml","Jarritos Guava Drink 370ML","drinks","1","CM-JARRITOSGUAVADRINK370ML-722528","RESOURCE","national-brand","PRICE_IS_AED SUPPLIER_IS_UAE NO_DIMENSIONS","National Mexican brand sold through ordinary domestic distribution: keep the product, replace the UAE supplier with a local one."
"jarritos-lime-drink-370ml","Jarritos Lime Drink 370ML","drinks","1","CM-JARRITOSLIMEDRINK370ML-181280","RESOURCE","national-brand","PRICE_IS_AED SUPPLIER_IS_UAE NO_WEIGHT NO_DIMENSIONS","National Mexican brand sold through ordinary domestic distribution: keep the product, replace the UAE supplier with a local one."
"jarritos-mandarin-drink-370ml","Jarritos Mandarin Drink 370ML","drinks","1","CM-JARRITOSMANDARINDRINK370-296544","RESOURCE","national-brand","PRICE_IS_AED SUPPLIER_IS_UAE NO_WEIGHT NO_DIMENSIONS","National Mexican brand sold through ordinary domestic distribution: keep the product, replace the UAE supplier with a local one."
"jarritos-mexican-cola-370ml","Jarritos Mexican Cola Drink 370ML","drinks","1","CM-JARRITOSMEXICANCOLA370ML-689760","RESOURCE","national-brand","PRICE_IS_AED SUPPLIER_IS_UAE NO_WEIGHT NO_DIMENSIONS","National Mexican brand sold through ordinary domestic distribution: keep the product, replace the UAE supplier with a local one."
"jarritos-pineapple-drink-370ml","Jarritos Pineapple Drink 370ML","drinks","1","CM-JARRITOSPINEAPPLEDRINK37-870560","RESOURCE","national-brand","PRICE_IS_AED SUPPLIER_IS_UAE NO_WEIGHT NO_DIMENSIONS","National Mexican brand sold through ordinary domestic distribution: keep the product, replace the UAE supplier with a local one."
"jarritos-strawberry-drink-370ml","Jarritos Strawberry Drink 370ML","drinks","1","CM-JARRITOSSTRAWBERRYDRINK3-312352","RESOURCE","national-brand","PRICE_IS_AED SUPPLIER_IS_UAE NO_WEIGHT NO_DIMENSIONS","National Mexican brand sold through ordinary domestic distribution: keep the product, replace the UAE supplier with a local one."
"la-conspiracion-alebrije-mango-habanero-jam","Alebrije Mango & Habanero Jam, La Conspiración","pantry-staples","1","CM-LACONSPIRACIONALEBRIJEMA-742112","REVIEW","small-producer","PRICE_IS_AED SUPPLIER_IS_UAE NO_DIMENSIONS","Small or export-oriented producer: domestic availability and a local supplier are unconfirmed."
"la-conspiracion-chicharron-de-mezcla-de-chiles-secos","Dried chilies crackling, La Conspiración","chiles-spices","1","CM-LACONSPIRACIONCHICHARRON-362400","REVIEW","small-producer","PRICE_IS_AED SUPPLIER_IS_UAE NO_DIMENSIONS","Small or export-oriented producer: domestic availability and a local supplier are unconfirmed."
"la-conspiracion-salsa-bichi","Bichi Sauce, La Conspiration","salsas-moles","1","CM-LACONSPIRACIONSALSABICHI-744736","REVIEW","small-producer","PRICE_IS_AED SUPPLIER_IS_UAE NO_DIMENSIONS","Small or export-oriented producer: domestic availability and a local supplier are unconfirmed."
"la-conspiracion-salsa-bichola","Bichola Sauce, La Conspiración","salsas-moles","1","CM-LACONSPIRACIONSALSABICHO-546976","REVIEW","small-producer","PRICE_IS_AED SUPPLIER_IS_UAE NO_DIMENSIONS","Small or export-oriented producer: domestic availability and a local supplier are unconfirmed."
"la-conspiracion-salsa-mojito-verde","Mojito Green Sauce, La Conspiración","salsas-moles","1","CM-LACONSPIRACIONSALSAMOJIT-609696","REVIEW","small-producer","PRICE_IS_AED SUPPLIER_IS_UAE NO_DIMENSIONS","Small or export-oriented producer: domestic availability and a local supplier are unconfirmed."
"la-conspiracion-salsa-pinera","Piñera Sauce,La Conspiración","salsas-moles","1","CM-LACONSPIRACIONSALSAPINER-542368","REVIEW","small-producer","PRICE_IS_AED SUPPLIER_IS_UAE NO_DIMENSIONS","Small or export-oriented producer: domestic availability and a local supplier are unconfirmed."
"la-conspiracion-salsa-tres-chiles","Three Chili Sauce, La Conspiración","salsas-moles","1","CM-LACONSPIRACIONSALSATRESC-723296","REVIEW","small-producer","PRICE_IS_AED SUPPLIER_IS_UAE NO_DIMENSIONS","Small or export-oriented producer: domestic availability and a local supplier are unconfirmed."
"la-costena-diced-chipotle-peppers","Diced Chipotle Peppers, La  Costeña","pantry-staples","1","CM-LACOSTENADICEDCHIPOTLEPE-694112","RESOURCE","national-brand","PRICE_IS_AED SUPPLIER_IS_UAE NO_DIMENSIONS","National Mexican brand sold through ordinary domestic distribution: keep the product, replace the UAE supplier with a local one."
"la-costena-green-salsa","La Costeña Green Salsa 475gm","salsas-moles","1","CM-LACOSTENAGREENSALSA-629920","RESOURCE","national-brand","PRICE_IS_AED SUPPLIER_IS_UAE NO_WEIGHT NO_DIMENSIONS","National Mexican brand sold through ordinary domestic distribution: keep the product, replace the UAE supplier with a local one."
"la-costena-guacamole-salsa","Guacamole Salsa, La Costeña","salsas-moles","1","CM-LACOSTENAGUACAMOLESALSA-690272","RESOURCE","national-brand","PRICE_IS_AED SUPPLIER_IS_UAE PRICE_ZERO NO_DIMENSIONS","National Mexican brand sold through ordinary domestic distribution: keep the product, replace the UAE supplier with a local one."
"la-costena-huitlacoche-1","Huitlacoche, La Costeña","pantry-staples","1","CM-LACOSTENAHUITLACOCHE1-956256","RESOURCE","national-brand","PRICE_IS_AED SUPPLIER_IS_UAE NO_DIMENSIONS","National Mexican brand sold through ordinary domestic distribution: keep the product, replace the UAE supplier with a local one."
"la-costena-jalapeno-nacho-slices","La Costeña Jalapeño Nachos 220g","snacks-sweets","1","CM-LACOSTENAJALAPENONACHOSL-828832","RESOURCE","national-brand","PRICE_IS_AED SUPPLIER_IS_UAE NO_WEIGHT NO_DIMENSIONS","National Mexican brand sold through ordinary domestic distribution: keep the product, replace the UAE supplier with a local one."
"la-costena-peach-halves-in-syrup","La Costeña Peach Halves in Syrup","pantry-staples","1","CM-LACOSTENAPEACHHALVESINSY-006560","RESOURCE","national-brand","PRICE_IS_AED SUPPLIER_IS_UAE NO_WEIGHT NO_DIMENSIONS","National Mexican brand sold through ordinary domestic distribution: keep the product, replace the UAE supplier with a local one."
"la-costena-pickled-jalapeno-nachos","Jalapeño Nachos Pickled, La Costeña","snacks-sweets","1","CM-LACOSTENAPICKLEDJALAPENO-252320","RESOURCE","national-brand","PRICE_IS_AED SUPPLIER_IS_UAE NO_DIMENSIONS","National Mexican brand sold through ordinary domestic distribution: keep the product, replace the UAE supplier with a local one."
"la-costena-rajas-de-jalapeno","La Costeña, Jalapeño Slices","pantry-staples","1","CM-LACOSTENARAJASDEJALAPENO-356192","RESOURCE","national-brand","PRICE_IS_AED SUPPLIER_IS_UAE NO_WEIGHT NO_DIMENSIONS","National Mexican brand sold through ordinary domestic distribution: keep the product, replace the UAE supplier with a local one."
"la-costena-ranchera-salsa","La Costeña Ranchera Salsa 250gm","salsas-moles","1","CM-LACOSTENARANCHERASALSA-663840","RESOURCE","national-brand","PRICE_IS_AED SUPPLIER_IS_UAE NO_WEIGHT NO_DIMENSIONS","National Mexican brand sold through ordinary domestic distribution: keep the product, replace the UAE supplier with a local one."
"la-costena-refried-bayo-beans","Refried Bayo Beans, La  Costeña","pantry-staples","1","CM-LACOSTENAREFRIEDBAYOBEAN-434848","RESOURCE","national-brand","PRICE_IS_AED SUPPLIER_IS_UAE NO_DIMENSIONS","National Mexican brand sold through ordinary domestic distribution: keep the product, replace the UAE supplier with a local one."
"la-costena-refried-bayo-beans-1","Whole Bayo Beans, La Costena","pantry-staples","1","CM-LACOSTENAREFRIEDBAYOBEAN-121824","RESOURCE","national-brand","PRICE_IS_AED SUPPLIER_IS_UAE NO_DIMENSIONS","National Mexican brand sold through ordinary domestic distribution: keep the product, replace the UAE supplier with a local one."
"la-costena-refried-black-beans","Refried Black Beans, La Costena","pantry-staples","1","CM-LACOSTENAREFRIEDBLACKBEA-742688","RESOURCE","national-brand","PRICE_IS_AED SUPPLIER_IS_UAE NO_DIMENSIONS","National Mexican brand sold through ordinary domestic distribution: keep the product, replace the UAE supplier with a local one."
"la-costena-refried-pinto-beans","La Costeña Refried Bayo Beans 820g","pantry-staples","1","CM-LACOSTENAREFRIEDPINTOBEA-762144","RESOURCE","national-brand","PRICE_IS_AED SUPPLIER_IS_UAE NO_WEIGHT NO_DIMENSIONS","National Mexican brand sold through ordinary domestic distribution: keep the product, replace the UAE supplier with a local one."
"la-costena-salsa-casera-mexicana","Homestyle Sauce, La Costeña","salsas-moles","1","CM-LACOSTENASALSACASERAMEXI-330976","RESOURCE","national-brand","PRICE_IS_AED SUPPLIER_IS_UAE NO_DIMENSIONS","National Mexican brand sold through ordinary domestic distribution: keep the product, replace the UAE supplier with a local one."
"la-costena-salsa-de-chipotle","Chipotle Sauce,La Costeña","salsas-moles","1","CM-LACOSTENASALSADECHIPOTLE-738656","RESOURCE","national-brand","PRICE_IS_AED SUPPLIER_IS_UAE NO_WEIGHT NO_DIMENSIONS","National Mexican brand sold through ordinary domestic distribution: keep the product, replace the UAE supplier with a local one."
"la-costena-salsa-de-chipotle-1","Chipotle Sauce 220ml, La Costeña","salsas-moles","1","CM-LACOSTENASALSADECHIPOTLE-825184","RESOURCE","national-brand","PRICE_IS_AED SUPPLIER_IS_UAE NO_DIMENSIONS","National Mexican brand sold through ordinary domestic distribution: keep the product, replace the UAE supplier with a local one."
"la-costena-salsa-de-guacamole","Guacamole Sauce 250gm, La Costeña","salsas-moles","1","CM-LACOSTENASALSADEGUACAMOL-446240","RESOURCE","national-brand","PRICE_IS_AED SUPPLIER_IS_UAE NO_DIMENSIONS","National Mexican brand sold through ordinary domestic distribution: keep the product, replace the UAE supplier with a local one."
"la-costena-salsa-de-habanero-rojo","Red Habanero Sauce","salsas-moles","1","CM-LACOSTENASALSADEHABANERO-730592","RESOURCE","national-brand","PRICE_IS_AED SUPPLIER_IS_UAE NO_WEIGHT NO_DIMENSIONS","National Mexican brand sold through ordinary domestic distribution: keep the product, replace the UAE supplier with a local one."
"la-costena-salsa-de-habanero-verde","Green Sauce Habanero, La Costeña","salsas-moles","1","CM-LACOSTENASALSADEHABANERO-992736","RESOURCE","national-brand","PRICE_IS_AED SUPPLIER_IS_UAE NO_WEIGHT NO_DIMENSIONS","National Mexican brand sold through ordinary domestic distribution: keep the product, replace the UAE supplier with a local one."
"la-costena-salsa-dip-hot","Dip Hot Sauce, La Costeña","salsas-moles","1","CM-LACOSTENASALSADIPHOT-532192","RESOURCE","national-brand","PRICE_IS_AED SUPPLIER_IS_UAE NO_DIMENSIONS","National Mexican brand sold through ordinary domestic distribution: keep the product, replace the UAE supplier with a local one."
"la-costena-salsa-dip-medium","Dip Sauce Medium, LA Costeña","salsas-moles","1","CM-LACOSTENASALSADIPMEDIUM-236128","RESOURCE","national-brand","PRICE_IS_AED SUPPLIER_IS_UAE NO_DIMENSIONS","National Mexican brand sold through ordinary domestic distribution: keep the product, replace the UAE supplier with a local one."
"la-costena-salsa-picante","Hot Sauce, La Costeña","salsas-moles","1","CM-LACOSTENASALSAPICANTE-874528","RESOURCE","national-brand","PRICE_IS_AED SUPPLIER_IS_UAE NO_WEIGHT NO_DIMENSIONS","National Mexican brand sold through ordinary domestic distribution: keep the product, replace the UAE supplier with a local one."
"la-costena-salsa-verde","Green Sauce 250g, La Costeña","salsas-moles","1","CM-LACOSTENASALSAVERDE-512928","RESOURCE","national-brand","PRICE_IS_AED SUPPLIER_IS_UAE NO_DIMENSIONS","National Mexican brand sold through ordinary domestic distribution: keep the product, replace the UAE supplier with a local one."
"la-costena-whole-guavas-in-syrup","La Costeña Whole Guavas in Syrup","pantry-staples","1","CM-LACOSTENAWHOLEGUAVASINSY-597152","RESOURCE","national-brand","PRICE_IS_AED SUPPLIER_IS_UAE NO_WEIGHT NO_DIMENSIONS","National Mexican brand sold through ordinary domestic distribution: keep the product, replace the UAE supplier with a local one."
"la-meridana-achiote-paste","Achiote Paste. La Meridana","pantry-staples","1","CM-LAMERIDANAACHIOTEPASTE-709536","REVIEW","small-producer","PRICE_IS_AED SUPPLIER_IS_UAE NO_DIMENSIONS","Small or export-oriented producer: domestic availability and a local supplier are unconfirmed."
"la-meridana-artisanal-hot-sauce-basket","Artisanal Hot Sauce Basket, La Meridana","gifts-lifestyle","1","CM-LAMERIDANAARTISANALHOTSA-470816","REMOVE_FROM_ACTIVE_MX","souvenir-lifestyle","PRICE_IS_AED SUPPLIER_IS_UAE NO_WEIGHT NO_DIMENSIONS","Souvenir / gift item aimed at the expatriate market; no role in a Mexico pantry and distribution assortment."
"la-meridana-chipotle-agave-hot-sauce","Chipotle Agave Hot Sauce, La Meridana","salsas-moles","1","CM-LAMERIDANACHIPOTLEAGAVEH-922144","REVIEW","small-producer","PRICE_IS_AED SUPPLIER_IS_UAE NO_WEIGHT NO_DIMENSIONS","Small or export-oriented producer: domestic availability and a local supplier are unconfirmed."
"la-meridana-green-habanero-hot-sauce","Green Habanero Hot Sauce","salsas-moles","1","CM-LAMERIDANAGREENHABANEROH-109920","REVIEW","small-producer","PRICE_IS_AED SUPPLIER_IS_UAE NO_WEIGHT NO_DIMENSIONS","Small or export-oriented producer: domestic availability and a local supplier are unconfirmed."
"la-meridana-hot-sauce-sampler","Habanero Sauce Sampler, La Meridana","salsas-moles","1","CM-LAMERIDANAHOTSAUCESAMPLE-556448","REVIEW","assembled-by-supplier","PRICE_IS_AED SUPPLIER_IS_UAE NO_WEIGHT NO_DIMENSIONS","Bundle or assortment assembled by the previous supplier; would have to be re-created as a CornerMex bundle."
"la-meridana-hot-sauce-sampler-pack","Hot Habanero Sauce Sampler Pack, La Meridana","salsas-moles","1","CM-LAMERIDANAHOTSAUCESAMPLE-560224","REVIEW","assembled-by-supplier","PRICE_IS_AED SUPPLIER_IS_UAE NO_WEIGHT NO_DIMENSIONS","Bundle or assortment assembled by the previous supplier; would have to be re-created as a CornerMex bundle."
"la-meridana-mango-habanero-hot-sauce","Mango Habanero Hot Sauce, La Meridana","salsas-moles","1","CM-LAMERIDANAMANGOHABANEROH-437216","REVIEW","small-producer","PRICE_IS_AED SUPPLIER_IS_UAE NO_WEIGHT NO_DIMENSIONS","Small or export-oriented producer: domestic availability and a local supplier are unconfirmed."
"la-meridana-mini-hot-sauce-set-handwoven-gift-basket","Mini Hot Sauce Set – Handwoven Gift Basket, La Meridana","gifts-lifestyle","1","CM-LAMERIDANAMINIHOTSAUCESE-965472","REMOVE_FROM_ACTIVE_MX","souvenir-lifestyle","PRICE_IS_AED SUPPLIER_IS_UAE NO_WEIGHT NO_DIMENSIONS","Souvenir / gift item aimed at the expatriate market; no role in a Mexico pantry and distribution assortment."
"la-meridana-papaya-habanero-hot-sauce","Papaya Habanero Hot Sauce, La Meridana","salsas-moles","1","CM-LAMERIDANAPAPAYAHABANERO-159264","REVIEW","small-producer","PRICE_IS_AED SUPPLIER_IS_UAE NO_WEIGHT NO_DIMENSIONS","Small or export-oriented producer: domestic availability and a local supplier are unconfirmed."
"la-meridana-red-habanero-hot-sauce","Red Habanero Hot Sauce, La Meridana","salsas-moles","1","CM-LAMERIDANAREDHABANEROHOT-003872","REVIEW","small-producer","PRICE_IS_AED SUPPLIER_IS_UAE NO_WEIGHT NO_DIMENSIONS","Small or export-oriented producer: domestic availability and a local supplier are unconfirmed."
"la-meridana-smoked-habanero-hot-sauce","Smoked Habanero Hot Sauce, La Meridana","salsas-moles","1","CM-LAMERIDANASMOKEDHABANERO-860448","REVIEW","small-producer","PRICE_IS_AED SUPPLIER_IS_UAE NO_WEIGHT NO_DIMENSIONS","Small or export-oriented producer: domestic availability and a local supplier are unconfirmed."
"la-sierra-whole-black-beans","Whole Black Beans. La Sierra","pantry-staples","1","CM-LASIERRAWHOLEBLACKBEANS-181472","RESOURCE","national-brand","PRICE_IS_AED SUPPLIER_IS_UAE NO_DIMENSIONS","National Mexican brand sold through ordinary domestic distribution: keep the product, replace the UAE supplier with a local one."
"lucas-muecas-chamoy-1","Lucas Muecas Chamoy","snacks-sweets","1","CM-LUCASMUECASCHAMOY1-016992","RESOURCE","national-brand","PRICE_IS_AED SUPPLIER_IS_UAE NO_WEIGHT NO_DIMENSIONS","National Mexican brand sold through ordinary domestic distribution: keep the product, replace the UAE supplier with a local one."
"lucas-muecas-mango-spicy-mango-lollipop-with-chili-powder","Lucas Muecas Mango (Spicy Mango Lollipop with Chili Powder)","snacks-sweets","1","CM-LUCASMUECASMANGOSPICYMAN-194208","RESOURCE","national-brand","PRICE_IS_AED SUPPLIER_IS_UAE NO_WEIGHT NO_DIMENSIONS","National Mexican brand sold through ordinary domestic distribution: keep the product, replace the UAE supplier with a local one."
"maggi-liquid-seasoning-sauce-800ml","Maggi Liquid Seasoning Sauce (800ml)","pantry-staples","1","CM-MAGGILIQUIDSEASONINGSAUC-708192","RESOURCE","national-brand","PRICE_IS_AED SUPPLIER_IS_UAE NO_WEIGHT NO_DIMENSIONS","National Mexican brand sold through ordinary domestic distribution: keep the product, replace the UAE supplier with a local one."
"maggi-seasoning-sauce-100ml","Maggi Seasoning Sauce (100ml)","pantry-staples","1","CM-MAGGISEASONINGSAUCE100ML-318048","RESOURCE","national-brand","PRICE_IS_AED SUPPLIER_IS_UAE NO_WEIGHT NO_DIMENSIONS","National Mexican brand sold through ordinary domestic distribution: keep the product, replace the UAE supplier with a local one."
"maiz-blanco-la-costena-3kg","Maiz Blanco La Costena 3kg","pantry-staples","1","CM-MAIZBLANCOLACOSTENA3KG-024032","RESOURCE","national-brand","PRICE_IS_AED SUPPLIER_IS_UAE NO_DIMENSIONS","National Mexican brand sold through ordinary domestic distribution: keep the product, replace the UAE supplier with a local one."
"maizena-corn-starch","Maizena Corn Starch","pantry-staples","1","CM-MAIZENACORNSTARCH-717920","RESOURCE","national-brand","PRICE_IS_AED SUPPLIER_IS_UAE NO_WEIGHT NO_DIMENSIONS","National Mexican brand sold through ordinary domestic distribution: keep the product, replace the UAE supplier with a local one."
"marinela-barritas-fresa","Barritas Strawberry,Marinela","snacks-sweets","1","CM-MARINELABARRITASFRESA-955552","RESOURCE","national-brand","PRICE_IS_AED SUPPLIER_IS_UAE NO_WEIGHT NO_DIMENSIONS","National Mexican brand sold through ordinary domestic distribution: keep the product, replace the UAE supplier with a local one."
"marinela-barritas-pineapple","Barritas de Pina","snacks-sweets","1","CM-MARINELABARRITASPINEAPPL-460576","RESOURCE","national-brand","PRICE_IS_AED SUPPLIER_IS_UAE NO_WEIGHT NO_DIMENSIONS","National Mexican brand sold through ordinary domestic distribution: keep the product, replace the UAE supplier with a local one."
"maruchan","Maruchan (Instant Noodles)","pantry-staples","1","CM-MARUCHAN-973472","RESOURCE","national-brand","PRICE_IS_AED SUPPLIER_IS_UAE NO_DIMENSIONS","National Mexican brand sold through ordinary domestic distribution: keep the product, replace the UAE supplier with a local one."
"maseca-nixtamalized-corn-flour","Maseca, Nixtamalized Corn Flour","tortillas-masa","1","CM-MASECANIXTAMALIZEDCORNFL-984544","RESOURCE","national-brand","PRICE_IS_AED SUPPLIER_IS_UAE NO_DIMENSIONS","National Mexican brand sold through ordinary domestic distribution: keep the product, replace the UAE supplier with a local one."
"mayamel-organic-blue-agave-syrup","Organic Blue Agave Syrup, Mayamel 510g","pantry-staples","1","CM-MAYAMELORGANICBLUEAGAVES-767008","REVIEW","small-producer","PRICE_IS_AED SUPPLIER_IS_UAE NO_WEIGHT NO_DIMENSIONS","Small or export-oriented producer: domestic availability and a local supplier are unconfirmed."
"mayonesa-macromick-lime-390gm","Mayonesa Macromick (Lime) 390gm","pantry-staples","1","CM-MAYONESAMACROMICKLIME390-017888","RESOURCE","national-brand","PRICE_IS_AED SUPPLIER_IS_UAE NO_DIMENSIONS","National Mexican brand sold through ordinary domestic distribution: keep the product, replace the UAE supplier with a local one."
"mexican-candy-bag-mix","Mexican Candy bag (Mix)","snacks-sweets","1","CM-MEXICANCANDYBAGMIX-269024","REVIEW","assembled-by-supplier","PRICE_IS_AED SUPPLIER_IS_UAE NO_WEIGHT NO_DIMENSIONS","Bundle or assortment assembled by the previous supplier; would have to be re-created as a CornerMex bundle."
"mexicano-floral-shawl","Mexicano Floral Table Runner","gifts-lifestyle","2","CM-MEXICANOFLORALSHAWL-562400 CM-MEXICANOFLORALSHAWL-595168","REMOVE_FROM_ACTIVE_MX","souvenir-lifestyle","PRICE_IS_AED SUPPLIER_IS_UAE NO_WEIGHT NO_DIMENSIONS","Souvenir / gift item aimed at the expatriate market; no role in a Mexico pantry and distribution assortment."
"mini-gansito-marinela","Mini Gansito (Marinela)","snacks-sweets","1","CM-MINIGANSITOMARINELA-740896","RESOURCE","national-brand","PRICE_IS_AED SUPPLIER_IS_UAE NO_WEIGHT NO_DIMENSIONS","National Mexican brand sold through ordinary domestic distribution: keep the product, replace the UAE supplier with a local one."
"mini-mexican-textile-mat","Mini Mexican Zarape Coaster","gifts-lifestyle","1","CM-MINIMEXICANTEXTILEMAT-702880","REMOVE_FROM_ACTIVE_MX","souvenir-lifestyle","PRICE_IS_AED SUPPLIER_IS_UAE NO_WEIGHT NO_DIMENSIONS","Souvenir / gift item aimed at the expatriate market; no role in a Mexico pantry and distribution assortment."
"molcajete-traditional-mexican-mortar-pestle","Molcajete, Traditional Mexican Mortar & Pestle","kitchen-tableware","1","CM-MOLCAJETETRADITIONALMEXI-846560","REVIEW","kitchenware","PRICE_IS_AED SUPPLIER_IS_UAE NO_WEIGHT NO_DIMENSIONS","Kitchenware: widely available in Mexico; decide whether it belongs in a pantry/distribution assortment."
"mole-azteca-paste","Mole Paste, Azteca","salsas-moles","1","CM-MOLEAZTECAPASTE-255776","RESOURCE","national-brand","PRICE_IS_AED SUPPLIER_IS_UAE NO_DIMENSIONS","National Mexican brand sold through ordinary domestic distribution: keep the product, replace the UAE supplier with a local one."
"montes-tomy-original-candy-100-pieces","Montes Tomy Original Candy (100 pieces)","snacks-sweets","1","CM-MONTESTOMYORIGINALCANDY1-182752","RESOURCE","national-brand","PRICE_IS_AED SUPPLIER_IS_UAE NO_WEIGHT NO_DIMENSIONS","National Mexican brand sold through ordinary domestic distribution: keep the product, replace the UAE supplier with a local one."
"nachos-jalapeno-2-8kg-costena","Nachos jalapeno 2.8kg Costena","snacks-sweets","1","CM-NACHOSJALAPENO28KGCOSTEN-201056","RESOURCE","national-brand","PRICE_IS_AED SUPPLIER_IS_UAE NO_DIMENSIONS","National Mexican brand sold through ordinary domestic distribution: keep the product, replace the UAE supplier with a local one."
"naturelo-blue-corn-masa-flour","Blue Corn Masa Flour, Naturelo","tortillas-masa","1","CM-NATURELOBLUECORNMASAFLOU-303200","REVIEW","small-producer","PRICE_IS_AED SUPPLIER_IS_UAE NO_DIMENSIONS","Small or export-oriented producer: domestic availability and a local supplier are unconfirmed."
"naturelo-eco-friendly-corn-flour","Blue Corn Flour, Naturelo","tortillas-masa","1","CM-NATURELOECOFRIENDLYCORNF-249632","REVIEW","small-producer","PRICE_IS_AED SUPPLIER_IS_UAE NO_DIMENSIONS","Small or export-oriented producer: domestic availability and a local supplier are unconfirmed."
"nestle-abuelita-chocolate-drink-tablets","Chocolate Abuelita","drinks","1","CM-NESTLEABUELITACHOCOLATED-754144","RESOURCE","national-brand","PRICE_IS_AED SUPPLIER_IS_UAE NO_DIMENSIONS","National Mexican brand sold through ordinary domestic distribution: keep the product, replace the UAE supplier with a local one."
"no-guilt-nachos-cheddar-cheese-inzi","No, Guilt NAchos, cheddar cheese, Inzi","snacks-sweets","1","CM-NOGUILTNACHOSCHEDDARCHEE-698016","REMOVE_FROM_ACTIVE_MX","non-mexican-uae-brand","PRICE_IS_AED SUPPLIER_IS_UAE NO_WEIGHT NO_DIMENSIONS","Brand from the UAE supplier's local assortment, not a Mexican pantry product; only present because of UAE sourcing."
"no-guilt-nachos-chilli-lime-inzi","No, Guilt nachos, Chilli Lime Inzi","snacks-sweets","1","CM-NOGUILTNACHOSCHILLILIMEI-140960","REMOVE_FROM_ACTIVE_MX","non-mexican-uae-brand","PRICE_IS_AED SUPPLIER_IS_UAE NO_WEIGHT NO_DIMENSIONS","Brand from the UAE supplier's local assortment, not a Mexican pantry product; only present because of UAE sourcing."
"nopal-foods-nopales-en-escabeche","Pickle Cactus (Nopales en Escabeche), Nopal Foods","pantry-staples","1","CM-NOPALFOODSNOPALESENESCAB-894432","REVIEW","small-producer","PRICE_IS_AED SUPPLIER_IS_UAE NO_DIMENSIONS","Small or export-oriented producer: domestic availability and a local supplier are unconfirmed."
"nopal-foods-nopales-en-salmuera-aromatizada","Cactus in Brine 450g","pantry-staples","1","CM-NOPALFOODSNOPALESENSALMU-709024","REVIEW","small-producer","PRICE_IS_AED SUPPLIER_IS_UAE NO_DIMENSIONS","Small or export-oriented producer: domestic availability and a local supplier are unconfirmed."
"nopal-foods-nopalitos-en-salsa-de-chile-guajillo","Cactus Guajillo 454g","pantry-staples","1","CM-NOPALFOODSNOPALITOSENSAL-057504","REVIEW","small-producer","PRICE_IS_AED SUPPLIER_IS_UAE NO_DIMENSIONS","Small or export-oriented producer: domestic availability and a local supplier are unconfirmed."
"nopal-tenochtitlan-fibra-de-nopal-deshidratado","Dehydrated Cactus","pantry-staples","1","CM-NOPALTENOCHTITLANFIBRADE-609440","REVIEW","small-producer","PRICE_IS_AED SUPPLIER_IS_UAE NO_DIMENSIONS","Small or export-oriented producer: domestic availability and a local supplier are unconfirmed."
"omalli-nixtamalized-corn-flour","Nixtamalized Corn Flour, Omalli 20kg","tortillas-masa","1","CM-OMALLINIXTAMALIZEDCORNFL-779744","REVIEW","small-producer","PRICE_IS_AED SUPPLIER_IS_UAE NO_DIMENSIONS","Small or export-oriented producer: domestic availability and a local supplier are unconfirmed."
"palebola-tama-roca-tamarind-candy","Palebola Tama-Roca Tamarind Candy","snacks-sweets","1","CM-PALEBOLATAMAROCATAMARIND-960672","RESOURCE","national-brand","PRICE_IS_AED SUPPLIER_IS_UAE NO_WEIGHT NO_DIMENSIONS","National Mexican brand sold through ordinary domestic distribution: keep the product, replace the UAE supplier with a local one."
"paleta-payaso","Paleta Payaso","snacks-sweets","1","CM-PALETAPAYASO-503200","RESOURCE","national-brand","PRICE_IS_AED SUPPLIER_IS_UAE NO_WEIGHT NO_DIMENSIONS","National Mexican brand sold through ordinary domestic distribution: keep the product, replace the UAE supplier with a local one."
"pelon-pelo-rico-tamarindo","Pelon Pelo Rico Tamarind","snacks-sweets","1","CM-PELONPELORICOTAMARINDO-185312","RESOURCE","national-brand","PRICE_IS_AED SUPPLIER_IS_UAE NO_WEIGHT NO_DIMENSIONS","National Mexican brand sold through ordinary domestic distribution: keep the product, replace the UAE supplier with a local one."
"pepe-crucnh-peanuts-cheese-flavour-500g","Pepe Crunch Peanuts Cheese Flavour 500g","snacks-sweets","1","CM-PEPECRUCNHPEANUTSCHEESEF-014432","REVIEW","small-producer","PRICE_IS_AED SUPPLIER_IS_UAE NO_DIMENSIONS","Small or export-oriented producer: domestic availability and a local supplier are unconfirmed."
"pepe-crucnh-peanuts-chilli-flavour-500g","Pepe Crunch Peanuts Chilli Flavour 500g","snacks-sweets","1","CM-PEPECRUCNHPEANUTSCHILLIF-326304","REVIEW","small-producer","PRICE_IS_AED SUPPLIER_IS_UAE NO_DIMENSIONS","Small or export-oriented producer: domestic availability and a local supplier are unconfirmed."
"pepe-crucnh-peanuts-chipotle-flavour-500g","Pepe Crunch Peanuts Chipotle Flavour 500g","snacks-sweets","1","CM-PEPECRUCNHPEANUTSCHIPOTL-891104","REVIEW","small-producer","PRICE_IS_AED SUPPLIER_IS_UAE NO_WEIGHT NO_DIMENSIONS","Small or export-oriented producer: domestic availability and a local supplier are unconfirmed."
"pepe-crucnh-peanuts-mango-flavour-500g","Pepe Crunch Peanuts Mango Flavour 500g","snacks-sweets","1","CM-PEPECRUCNHPEANUTSMANGOFL-872992","REVIEW","small-producer","PRICE_IS_AED SUPPLIER_IS_UAE NO_WEIGHT NO_DIMENSIONS","Small or export-oriented producer: domestic availability and a local supplier are unconfirmed."
"pepe-crunch-peanuts-habanero-flavour-500g","Pepe Crunch Peanuts Habanero Flavour 500g","snacks-sweets","1","CM-PEPECRUNCHPEANUTSHABANER-931488","REVIEW","small-producer","PRICE_IS_AED SUPPLIER_IS_UAE NO_DIMENSIONS","Small or export-oriented producer: domestic availability and a local supplier are unconfirmed."
"pinata2go-party-kit","Pinata2Go Party Kit Bosque","gifts-lifestyle","1","CM-PINATA2GOPARTYKIT-793056","REMOVE_FROM_ACTIVE_MX","souvenir-lifestyle","PRICE_IS_AED SUPPLIER_IS_UAE NO_WEIGHT NO_DIMENSIONS","Souvenir / gift item aimed at the expatriate market; no role in a Mexico pantry and distribution assortment."
"pinata2go-party-kit-bosque-copy","Pinata2Go Party Kit Princess","gifts-lifestyle","1","CM-PINATA2GOPARTYKITBOSQUEC-248032","REMOVE_FROM_ACTIVE_MX","souvenir-lifestyle","PRICE_IS_AED SUPPLIER_IS_UAE NO_WEIGHT NO_DIMENSIONS","Souvenir / gift item aimed at the expatriate market; no role in a Mexico pantry and distribution assortment."
"pinata2go-party-kit-captain","Pinata2Go Party Kit Clown","gifts-lifestyle","1","CM-PINATA2GOPARTYKITCAPTAIN-346336","REMOVE_FROM_ACTIVE_MX","souvenir-lifestyle","PRICE_IS_AED SUPPLIER_IS_UAE NO_WEIGHT NO_DIMENSIONS","Souvenir / gift item aimed at the expatriate market; no role in a Mexico pantry and distribution assortment."
"pinata2go-party-kit-captain-1","Pinata2Go Party Kit Captain","gifts-lifestyle","1","CM-PINATA2GOPARTYKITCAPTAIN-724320","REMOVE_FROM_ACTIVE_MX","souvenir-lifestyle","PRICE_IS_AED SUPPLIER_IS_UAE NO_WEIGHT NO_DIMENSIONS","Souvenir / gift item aimed at the expatriate market; no role in a Mexico pantry and distribution assortment."
"pulparindo-mango-tamarind-candy-with-mango-flavor","Pulparindo Mango (Tamarind Candy with Mango Flavor)","snacks-sweets","1","CM-PULPARINDOMANGOTAMARINDC-258080","RESOURCE","national-brand","PRICE_IS_AED SUPPLIER_IS_UAE NO_WEIGHT NO_DIMENSIONS","National Mexican brand sold through ordinary domestic distribution: keep the product, replace the UAE supplier with a local one."
"queso-cotija-excelsior-mexican-aged-cheese","Queso Cotija Excelsior, Mexican Aged Cheese","chilled-frozen","1","CM-QUESOCOTIJAEXCELSIORMEXI-863904","REVIEW","cold-chain","PRICE_IS_AED SUPPLIER_IS_UAE NO_WEIGHT NO_DIMENSIONS","Chilled or frozen: needs a cold chain that parcel shipping does not provide. Local-delivery-only decision required."
"rancheritos-original","Rancheritos Original","snacks-sweets","1","CM-RANCHERITOSORIGINAL-667040","RESOURCE","national-brand","PRICE_IS_AED SUPPLIER_IS_UAE NO_WEIGHT NO_DIMENSIONS","National Mexican brand sold through ordinary domestic distribution: keep the product, replace the UAE supplier with a local one."
"rice-morelo-1kg-valle-verde","Rice Morelo 1kg valle verde","pantry-staples","1","CM-RICEMORELO1KGVALLEVERDE-170592","RESOURCE","national-brand","PRICE_IS_AED SUPPLIER_IS_UAE NO_WEIGHT NO_DIMENSIONS","National Mexican brand sold through ordinary domestic distribution: keep the product, replace the UAE supplier with a local one."
"ruffles-cheese","Ruffles Cheese","snacks-sweets","1","CM-RUFFLESCHEESE-798112","RESOURCE","national-brand","PRICE_IS_AED SUPPLIER_IS_UAE NO_WEIGHT NO_DIMENSIONS","National Mexican brand sold through ordinary domestic distribution: keep the product, replace the UAE supplier with a local one."
"ruffles-mega-crunch-red-salsa","Ruffles Mega Crunch Red Salsa","snacks-sweets","1","CM-RUFFLESMEGACRUNCHREDSALS-027488","RESOURCE","national-brand","PRICE_IS_AED SUPPLIER_IS_UAE NO_WEIGHT NO_DIMENSIONS","National Mexican brand sold through ordinary domestic distribution: keep the product, replace the UAE supplier with a local one."
"salsa-picante-chile-habanero-120ml-yucateco","Hot Green Sauce (Salsa Picante Green chile Habanero) 120ml, Yucateco","salsas-moles","1","CM-SALSAPICANTECHILEHABANER-966176","RESOURCE","national-brand","PRICE_IS_AED SUPPLIER_IS_UAE NO_WEIGHT NO_DIMENSIONS","National Mexican brand sold through ordinary domestic distribution: keep the product, replace the UAE supplier with a local one."
"salsa-picante-negra-120ml-yucateco","Black Sauce (Salsa Picante Negra) 120ml, Yucateco","salsas-moles","1","CM-SALSAPICANTENEGRA120MLYU-182048","RESOURCE","national-brand","PRICE_IS_AED SUPPLIER_IS_UAE NO_DIMENSIONS","National Mexican brand sold through ordinary domestic distribution: keep the product, replace the UAE supplier with a local one."
"salsa-picante-roja-120ml-yucateco","Red Sauce (Salsa Picante Roja) 120ml, Yucateco","salsas-moles","1","CM-SALSAPICANTEROJA120MLYUC-342432","RESOURCE","national-brand","PRICE_IS_AED SUPPLIER_IS_UAE NO_WEIGHT NO_DIMENSIONS","National Mexican brand sold through ordinary domestic distribution: keep the product, replace the UAE supplier with a local one."
"snack-wheel-chicharon-50gm","Snack wheel chicharon 50gm","snacks-sweets","1","CM-SNACKWHEELCHICHARON50GM-514016","RESOURCE","generic-pantry","PRICE_IS_AED SUPPLIER_IS_UAE NO_DIMENSIONS","Generic Mexican pantry item with no brand recorded: commonly available from local wholesale; re-source and confirm the presentation."
"tajin-chamoy-hot-sauce","Tajín Chamoy Hot Sauce","salsas-moles","1","CM-TAJINCHAMOYHOTSAUCE-545120","RESOURCE","national-brand","PRICE_IS_AED SUPPLIER_IS_UAE NO_WEIGHT NO_DIMENSIONS","National Mexican brand sold through ordinary domestic distribution: keep the product, replace the UAE supplier with a local one."
"tajin-classico-seasoning-400gm","Tajin Classico Seasoning 400gm","chiles-spices","1","CM-TAJINCLASSICOSEASONING40-336736","RESOURCE","national-brand","PRICE_IS_AED SUPPLIER_IS_UAE NO_DIMENSIONS","National Mexican brand sold through ordinary domestic distribution: keep the product, replace the UAE supplier with a local one."
"tortilla-chips","Tortilla Chips 115GM","snacks-sweets","1","CM-TORTILLACHIPS-315040","INTERMEX_PRIVATE","unbranded-tortilla-line","PRICE_IS_AED SUPPLIER_IS_UAE NO_DIMENSIONS","Unbranded tortilla / tostada / tortilla-chip line from the supplier's own storefront: treated as supplier production (inferred from the absence of any other brand)."
"traditional-mexican-charro-sombrero","Traditional Mexican Charro Sombrero","gifts-lifestyle","2","CM-TRADITIONALMEXICANCHARRO-695712 CM-TRADITIONALMEXICANCHARRO-728480","REMOVE_FROM_ACTIVE_MX","souvenir-lifestyle","PRICE_IS_AED SUPPLIER_IS_UAE NO_WEIGHT NO_DIMENSIONS","Souvenir / gift item aimed at the expatriate market; no role in a Mexico pantry and distribution assortment."
"valentina-salsa-picante-muy-picante-black-label","Valentina Salsa Picante Very Hot (Black Label)","salsas-moles","1","CM-VALENTINASALSAPICANTEMUY-030048","RESOURCE","national-brand","PRICE_IS_AED SUPPLIER_IS_UAE NO_WEIGHT NO_DIMENSIONS","National Mexican brand sold through ordinary domestic distribution: keep the product, replace the UAE supplier with a local one."
"valentina-salsa-picante-original-yellow-label","Valentina Salsa Picante (Original Yellow Label)","salsas-moles","1","CM-VALENTINASALSAPICANTEORI-388192","RESOURCE","national-brand","PRICE_IS_AED SUPPLIER_IS_UAE NO_WEIGHT NO_DIMENSIONS","National Mexican brand sold through ordinary domestic distribution: keep the product, replace the UAE supplier with a local one."
"valentina-salsa-picante-original-yellow-label-1","Valentina Salsa Picante (Original Yellow Label) 1lt","salsas-moles","1","CM-VALENTINASALSAPICANTEORI-972256","RESOURCE","national-brand","PRICE_IS_AED SUPPLIER_IS_UAE NO_WEIGHT NO_DIMENSIONS","National Mexican brand sold through ordinary domestic distribution: keep the product, replace the UAE supplier with a local one."
"vero-rellerindos-mix-filled-candies-80-pieces","Vero Rellerindos Mix Filled Candies (80 pieces)","snacks-sweets","1","CM-VERORELLERINDOSMIXFILLED-379360","RESOURCE","national-brand","PRICE_IS_AED SUPPLIER_IS_UAE NO_WEIGHT NO_DIMENSIONS","National Mexican brand sold through ordinary domestic distribution: keep the product, replace the UAE supplier with a local one."
"viva-mexico-bandana","Viva Mexico Bandana","gifts-lifestyle","1","CM-VIVAMEXICOBANDANA-203296","REMOVE_FROM_ACTIVE_MX","souvenir-lifestyle","PRICE_IS_AED SUPPLIER_IS_UAE NO_WEIGHT NO_DIMENSIONS","Souvenir / gift item aimed at the expatriate market; no role in a Mexico pantry and distribution assortment."
"viva-mexico-t-shirt","Viva México T-shirt!","gifts-lifestyle","3","CM-VIVAMEXICOTSHIRT-940832 CM-VIVAMEXICOTSHIRT-973600 CM-VIVAMEXICOTSHIRT-006368","REMOVE_FROM_ACTIVE_MX","souvenir-lifestyle","PRICE_IS_AED SUPPLIER_IS_UAE NO_WEIGHT NO_DIMENSIONS","Souvenir / gift item aimed at the expatriate market; no role in a Mexico pantry and distribution assortment."
"whole-black-beans-560g-costena","Whole Black Beans 560g Costena","pantry-staples","1","CM-WHOLEBLACKBEANS560GCOSTE-100448","RESOURCE","national-brand","PRICE_IS_AED SUPPLIER_IS_UAE NO_DIMENSIONS","National Mexican brand sold through ordinary domestic distribution: keep the product, replace the UAE supplier with a local one."
"whole-green-tomatillo-2-8kg-san-marco","Whole Green Tomatillo 2.8kg clemente jacques","pantry-staples","1","CM-WHOLEGREENTOMATILLO28KGS-915360","RESOURCE","national-brand","PRICE_IS_AED SUPPLIER_IS_UAE NO_DIMENSIONS","National Mexican brand sold through ordinary domestic distribution: keep the product, replace the UAE supplier with a local one."
"xatze-ancho-chili-powder","Ancho Chili Powder, Xatze","chiles-spices","1","CM-XATZEANCHOCHILIPOWDER-119840","REVIEW","small-producer","PRICE_IS_AED SUPPLIER_IS_UAE NO_DIMENSIONS","Small or export-oriented producer: domestic availability and a local supplier are unconfirmed."
"xatze-chile-ancho-whole-dried-chilies","Chile Ancho 150G (Whole Dried Chilies), INTERMEX","chiles-spices","1","CM-XATZECHILEANCHOWHOLEDRIE-020704","INTERMEX_PRIVATE","intermex-named","PRICE_IS_AED SUPPLIER_IS_UAE NO_DIMENSIONS","Product name carries the Intermex name: Intermex private label."
"xatze-chile-de-arbol-powder","Árbol Chili Powder, Xatze","chiles-spices","1","CM-XATZECHILEDEARBOLPOWDER-244000","REVIEW","small-producer","PRICE_IS_AED SUPPLIER_IS_UAE NO_WEIGHT NO_DIMENSIONS","Small or export-oriented producer: domestic availability and a local supplier are unconfirmed."
"xatze-guajillo-chili-powder","Guajillo Chili Powder, Xatze","chiles-spices","1","CM-XATZEGUAJILLOCHILIPOWDER-319584","REVIEW","small-producer","PRICE_IS_AED SUPPLIER_IS_UAE NO_DIMENSIONS","Small or export-oriented producer: domestic availability and a local supplier are unconfirmed."
