sku,name,brand,supplier,supplier_sku,cost_mxn,retail_price_mxn,b2b_price_mxn,weight_g,length_cm,width_cm,height_cm,stock,case_pack,moq,lead_time_days,preferred_supplier
MX-APRICOT-IN-SYRUP-820G,Apricot in syrup 820g,,,,,,,,,,,,,,,
MX-BANDERILLA-TAMAROCA-TAMARIND-MEXI,"Banderilla, Tamaroca Tamarind Mexican Stick 1pcs",,,,,,,,,,,,,,,
MX-BLACK-BEANS-DRY-900G-LA-SIERRA,"Black Beans Dry 900g, La sierra",La Sierra,,,,,,900,,,,,,,,
MX-BLUE-CORN-MASA-FLOUR-MASECA,"Blue Corn Masa Flour, Maseca",Maseca,,,,,,1000,,,,,,,,
MX-CHICHARRON-CHEESE,Chicharron Cheese,,,,,,,,,,,,,,,
MX-CHICHARRON-FUEGO,Chicharron Fuego,,,,,,,,,,,,,,,
MX-CHICHARRON-GREEN-SAUCE,Chicharron Green Sauce,,,,,,,,,,,,,,,
MX-CHOCO-ROLES-MINI-MARINELA,Choco Roles Mini Marinela,Marinela,,,,,,,,,,,,,,
MX-CHURRITOS-CHILI-FLAVOR,Churritos Chili Flavor,,,,,,,,,,,,,,,
MX-CLEMENTE-JACQUES-CHIPOTLE-PEPPERS,Clemente Jacques Chipotle Peppers in Adobo,Clemente Jacques,,,,,,,,,,,,,,
MX-CORONADO-CAJETA-QUEMADA,"Goat Milk Caramel (Cajeta Quemada), Coronado",Coronado,,,,,,660,,,,,,,,
MX-DE-LA-ROSA-CORONADO-BUTTER-RUM-HA,De la Rosa Coronado Butter Rum Hard Candies,De la Rosa,,,,,,,,,,,,,,
MX-DE-LA-ROSA-MAZAPAN-ORIGINAL,"Mazapan Original, De la Rosa",De la Rosa,,,,,,28,,,,,,,,
MX-DICED-JALAPENOS-PICADOS,Diced Jalapeños (Picados),,,,,,,,,,,,,,,
MX-DONA-MARIA-MOLE-PASTE,"Mole Paste, Doña María",Doña María,,,,,,235,,,,,,,,
MX-DONA-MARIA-MOLE-READY-TO-SERVE,"Mole, Ready to Serve, Doña María",Doña María,,,,,,360,,,,,,,,
MX-DRIED-CORN-HUSKS,Dried Corn Husks,,,,,,,,,,,,,,,
MX-EL-CHILERITO-SALSA-CHAMOY,"Chamoy Sauce, El Chilerito 1lt",El Chilerito,,,,,,958,,,,,,,,
MX-EL-YUCATECO-HABANERO-GHOST-CHILI-,"Habanero & Ghost Chili Hot Sauce, El Yucateco",El Yucateco,,,,,,,,,,,,,,
MX-EL-YUCATECO-HABANERO-Y-CAFE-HOT-S,"Habanero anf Coffee Hot Sauce, El Yucateco",El Yucateco,,,,,,,,,,,,,,
MX-EL-YUCATECO-HABANERO-Y-CHILTEPIN-,"Habanero y Chiltepín Hot Sauce, El Yucateco",El Yucateco,,,,,,,,,,,,,,
MX-EL-YUCATECO-HABANERO-Y-PINA-ASADA,"Habanero and Pineapple smoked Hot Sauce, El Yucateco",El Yucateco,,,,,,,,,,,,,,
MX-EL-YUCATECO-HORCHATA-DE-ARROZ,"Horchata Concentrate, El Yucateco",El Yucateco,,,,,,,,,,,,,,
MX-EL-YUCATECO-JAMAICA-DRINK-CONCENT,"Jamaica Drink Concentrate, El Yucateco",El Yucateco,,,,,,,,,,,,,,
MX-EL-YUCATECO-MARISQUERA-NEGRA-HOT-,"Marisquera Black Hot Sauce, El Yucateco",El Yucateco,,,,,,,,,,,,,,
MX-EL-YUCATECO-MARISQUERA-ROJA-HOT-S,"Marisquera Red Hot Sauce, El Yucateco",El Yucateco,,,,,,,,,,,,,,
MX-EL-YUCATECO-TAMARINDO-1,"Tamarind Concentrate, El Yucateco",El Yucateco,,,,,,,,,,,,,,
MX-ESQUITE-NATURAL-CON-EPAZOTE-1KG,(White Corn with Epazote) Esquite Natural Con Epazote 1kg,,,,,,,1000,,,,,,,,
MX-FRITOS-LEMON-SALT,Fritos Lemon & Salt,Fritos,,,,,,,,,,,,,,
MX-HERDEZ-WHITE-MEXICAN-CORN,Herdez White Mexican Corn,Herdez,,,,,,,,,,,,,,
MX-HOMESTYLE-LA-COSTEN-475GM,Homestyle La Costen 475gm,La Costeña,,,,,,,,,,,,,,
MX-JAPANESE-STYLE-PEANUTS-600G,Japanese Style Peanuts 30g,,,,,,,,,,,,,,,
MX-JAPANESE-STYLE-PEANUTS-WITH-VALEN,Japanese Style Peanuts With Valentina Sauce 30g,Valentina,,,,,,,,,,,,,,
MX-JARRITOS-FRUIT-PUNCH-DRINK-370ML,Jarritos Fruit Punch Drink 370ML,Jarritos,,,,,,,,,,,,,,
MX-JARRITOS-GRAPE-FRIUT-DRINK-370ML,Jarritos Grapefruit Drink 370ML,Jarritos,,,,,,,,,,,,,,
MX-JARRITOS-GUAVA-DRINK-370ML,Jarritos Guava Drink 370ML,Jarritos,,,,,,370,,,,,,,,
MX-JARRITOS-LIME-DRINK-370ML,Jarritos Lime Drink 370ML,Jarritos,,,,,,,,,,,,,,
MX-JARRITOS-MANDARIN-DRINK-370ML,Jarritos Mandarin Drink 370ML,Jarritos,,,,,,,,,,,,,,
MX-JARRITOS-MEXICAN-COLA-370ML,Jarritos Mexican Cola Drink 370ML,Jarritos,,,,,,,,,,,,,,
MX-JARRITOS-PINEAPPLE-DRINK-370ML,Jarritos Pineapple Drink 370ML,Jarritos,,,,,,,,,,,,,,
MX-JARRITOS-STRAWBERRY-DRINK-370ML,Jarritos Strawberry Drink 370ML,Jarritos,,,,,,,,,,,,,,
MX-LA-COSTENA-DICED-CHIPOTLE-PEPPERS,"Diced Chipotle Peppers, La  Costeña",,,,,,,230,,,,,,,,
MX-LA-COSTENA-GREEN-SALSA,La Costeña Green Salsa 475gm,La Costeña,,,,,,,,,,,,,,
MX-LA-COSTENA-GUACAMOLE-SALSA,"Guacamole Salsa, La Costeña",La Costeña,,,,,,445,,,,,,,,
MX-LA-COSTENA-HUITLACOCHE-1,"Huitlacoche, La Costeña",La Costeña,,,,,,380,,,,,,,,
MX-LA-COSTENA-JALAPENO-NACHO-SLICES,La Costeña Jalapeño Nachos 220g,La Costeña,,,,,,,,,,,,,,
MX-LA-COSTENA-PEACH-HALVES-IN-SYRUP,La Costeña Peach Halves in Syrup,La Costeña,,,,,,,,,,,,,,
MX-LA-COSTENA-PICKLED-JALAPENO-NACHO,"Jalapeño Nachos Pickled, La Costeña",La Costeña,,,,,,440,,,,,,,,
MX-LA-COSTENA-RAJAS-DE-JALAPENO,"La Costeña, Jalapeño Slices",La Costeña,,,,,,,,,,,,,,
MX-LA-COSTENA-RANCHERA-SALSA,La Costeña Ranchera Salsa 250gm,La Costeña,,,,,,,,,,,,,,
MX-LA-COSTENA-REFRIED-BAYO-BEANS,"Refried Bayo Beans, La  Costeña",,,,,,,430,,,,,,,,
MX-LA-COSTENA-REFRIED-BAYO-BEANS-1,"Whole Bayo Beans, La Costena",La Costeña,,,,,,560,,,,,,,,
MX-LA-COSTENA-REFRIED-BLACK-BEANS,"Refried Black Beans, La Costena",La Costeña,,,,,,580,,,,,,,,
MX-LA-COSTENA-REFRIED-PINTO-BEANS,La Costeña Refried Bayo Beans 820g,La Costeña,,,,,,,,,,,,,,
MX-LA-COSTENA-SALSA-CASERA-MEXICANA,"Homestyle Sauce, La Costeña",La Costeña,,,,,,250,,,,,,,,
MX-LA-COSTENA-SALSA-DE-CHIPOTLE,"Chipotle Sauce,La Costeña",La Costeña,,,,,,,,,,,,,,
MX-LA-COSTENA-SALSA-DE-CHIPOTLE-1,"Chipotle Sauce 220ml, La Costeña",La Costeña,,,,,,220,,,,,,,,
MX-LA-COSTENA-SALSA-DE-GUACAMOLE,"Guacamole Sauce 250gm, La Costeña",La Costeña,,,,,,250,,,,,,,,
MX-LA-COSTENA-SALSA-DE-HABANERO-ROJO,Red Habanero Sauce,,,,,,,,,,,,,,,
MX-LA-COSTENA-SALSA-DE-HABANERO-VERD,"Green Sauce Habanero, La Costeña",La Costeña,,,,,,,,,,,,,,
MX-LA-COSTENA-SALSA-DIP-HOT,"Dip Hot Sauce, La Costeña",La Costeña,,,,,,453,,,,,,,,
MX-LA-COSTENA-SALSA-DIP-MEDIUM,"Dip Sauce Medium, LA Costeña",La Costeña,,,,,,453,,,,,,,,
MX-LA-COSTENA-SALSA-PICANTE,"Hot Sauce, La Costeña",La Costeña,,,,,,,,,,,,,,
MX-LA-COSTENA-SALSA-VERDE,"Green Sauce 250g, La Costeña",La Costeña,,,,,,250,,,,,,,,
MX-LA-COSTENA-WHOLE-GUAVAS-IN-SYRUP,La Costeña Whole Guavas in Syrup,La Costeña,,,,,,,,,,,,,,
MX-LA-SIERRA-WHOLE-BLACK-BEANS,Whole Black Beans. La Sierra,La Sierra,,,,,,3000,,,,,,,,
MX-LUCAS-MUECAS-CHAMOY-1,Lucas Muecas Chamoy,Lucas,,,,,,,,,,,,,,
MX-LUCAS-MUECAS-MANGO-SPICY-MANGO-LO,Lucas Muecas Mango (Spicy Mango Lollipop with Chili Powder),Lucas,,,,,,,,,,,,,,
MX-MAGGI-LIQUID-SEASONING-SAUCE-800M,Maggi Liquid Seasoning Sauce (800ml),Maggi,,,,,,,,,,,,,,
MX-MAGGI-SEASONING-SAUCE-100ML,Maggi Seasoning Sauce (100ml),Maggi,,,,,,,,,,,,,,
MX-MAIZ-BLANCO-LA-COSTENA-3KG,Maiz Blanco La Costena 3kg,La Costeña,,,,,,3000,,,,,,,,
MX-MAIZENA-CORN-STARCH,Maizena Corn Starch,Maizena,,,,,,,,,,,,,,
MX-MARINELA-BARRITAS-FRESA,"Barritas Strawberry,Marinela",Marinela,,,,,,,,,,,,,,
MX-MARINELA-BARRITAS-PINEAPPLE,Barritas de Pina,,,,,,,,,,,,,,,
MX-MARUCHAN,Maruchan (Instant Noodles),Maruchan,,,,,,64,,,,,,,,
MX-MASECA-NIXTAMALIZED-CORN-FLOUR,"Maseca, Nixtamalized Corn Flour",Maseca,,,,,,1000,,,,,,,,
MX-MAYONESA-MACROMICK-LIME-390GM,Mayonesa Macromick (Lime) 390gm,,,,,,,390,,,,,,,,
MX-MINI-GANSITO-MARINELA,Mini Gansito (Marinela),Marinela,,,,,,,,,,,,,,
MX-MOLE-AZTECA-PASTE,"Mole Paste, Azteca",,,,,,,1000,,,,,,,,
MX-MONTES-TOMY-ORIGINAL-CANDY-100-PI,Montes Tomy Original Candy (100 pieces),Montes,,,,,,,,,,,,,,
MX-NACHOS-JALAPENO-2-8KG-COSTENA,Nachos jalapeno 2.8kg Costena,La Costeña,,,,,,2800,,,,,,,,
MX-NESTLE-ABUELITA-CHOCOLATE-DRINK-T,Chocolate Abuelita,Abuelita,,,,,,540,,,,,,,,
MX-PALEBOLA-TAMA-ROCA-TAMARIND-CANDY,Palebola Tama-Roca Tamarind Candy,,,,,,,,,,,,,,,
MX-PALETA-PAYASO,Paleta Payaso,,,,,,,,,,,,,,,
MX-PELON-PELO-RICO-TAMARINDO,Pelon Pelo Rico Tamarind,,,,,,,,,,,,,,,
MX-PULPARINDO-MANGO-TAMARIND-CANDY-W,Pulparindo Mango (Tamarind Candy with Mango Flavor),Pulparindo,,,,,,,,,,,,,,
MX-RANCHERITOS-ORIGINAL,Rancheritos Original,,,,,,,,,,,,,,,
MX-RICE-MORELO-1KG-VALLE-VERDE,Rice Morelo 1kg valle verde,,,,,,,,,,,,,,,
MX-RUFFLES-CHEESE,Ruffles Cheese,Ruffles,,,,,,,,,,,,,,
MX-RUFFLES-MEGA-CRUNCH-RED-SALSA,Ruffles Mega Crunch Red Salsa,Ruffles,,,,,,,,,,,,,,
MX-SALSA-PICANTE-CHILE-HABANERO-120M,"Hot Green Sauce (Salsa Picante Green chile Habanero) 120ml, Yucateco",El Yucateco,,,,,,,,,,,,,,
MX-SALSA-PICANTE-NEGRA-120ML-YUCATEC,"Black Sauce (Salsa Picante Negra) 120ml, Yucateco",El Yucateco,,,,,,120,,,,,,,,
MX-SALSA-PICANTE-ROJA-120ML-YUCATECO,"Red Sauce (Salsa Picante Roja) 120ml, Yucateco",El Yucateco,,,,,,,,,,,,,,
MX-SNACK-WHEEL-CHICHARON-50GM,Snack wheel chicharon 50gm,,,,,,,50,,,,,,,,
MX-TAJIN-CHAMOY-HOT-SAUCE,Tajín Chamoy Hot Sauce,Tajín,,,,,,,,,,,,,,
MX-TAJIN-CLASSICO-SEASONING-400GM,Tajin Classico Seasoning 400gm,Tajín,,,,,,400,,,,,,,,
MX-VALENTINA-SALSA-PICANTE-MUY-PICAN,Valentina Salsa Picante Very Hot (Black Label),Valentina,,,,,,,,,,,,,,
MX-VALENTINA-SALSA-PICANTE-ORIGINAL-,Valentina Salsa Picante (Original Yellow Label),Valentina,,,,,,,,,,,,,,
MX-VALENTINA-SALSA-PICANTE-ORIGIN-2,Valentina Salsa Picante (Original Yellow Label) 1lt,Valentina,,,,,,,,,,,,,,
MX-VERO-RELLERINDOS-MIX-FILLED-CANDI,Vero Rellerindos Mix Filled Candies (80 pieces),Vero,,,,,,,,,,,,,,
MX-WHOLE-BLACK-BEANS-560G-COSTENA,Whole Black Beans 560g Costena,La Costeña,,,,,,560,,,,,,,,
MX-WHOLE-GREEN-TOMATILLO-2-8KG-SAN-M,Whole Green Tomatillo 2.8kg clemente jacques,Clemente Jacques,,,,,,2800,,,,,,,,
